{
    "test_mad": 2.0404657928807706,
    "test_mse": 19.98749333525962,
    "test_mape": 94.52013958234075,
    "test_msle": 1.8768192257595393,
    "test_r2": 0.4304979980811029,
    "test_kappa": 0.6025885506164018
}