{
    "train_mad": 2.1948982924569664,
    "train_mse": 29.56060321434859,
    "train_mape": 80.20399517284768,
    "train_msle": 0.8543209599199758,
    "train_r2": 0.1937212750545665,
    "train_kappa": 0.5824524952193728,
    "val_mad": 2.9122670482952207,
    "val_mse": 65.60749507179706,
    "val_mape": 87.2237854248846,
    "val_msle": 1.4434599723695185,
    "val_r2": -0.06370560054855212,
    "val_kappa": 0.17109144286077904
}