{
    "test_mad": 1.4871103007657565,
    "test_mse": 17.846953358029037,
    "test_mape": 38.871733589179684,
    "test_msle": 0.3349388423067997,
    "test_r2": 0.4914882274096478,
    "test_kappa": 0.7631555057760856,
    "test_acc": 0.9157208800315857,
    "test_prec0": 0.919899046421051,
    "test_prec1": 0.7722772359848022,
    "test_rec0": 0.9928410053253174,
    "test_rec1": 0.21925508975982666,
    "test_auroc": 0.8663127845160595,
    "test_auprc": 0.5110853352753728,
    "test_f1macro": 0.6482613718882752
}