{
    "train_mad": 2.5959844513822468,
    "train_mse": 31.100686100542127,
    "train_mape": 123.40552962265308,
    "train_msle": 1.4227373299089474,
    "train_r2": 0.15171482285917715,
    "train_kappa": 0.36094791638323764,
    "val_mad": 2.637088574488183,
    "val_mse": 56.83627969131321,
    "val_mape": 121.62988727247006,
    "val_msle": 1.415184178060726,
    "val_r2": 0.07850362285843937,
    "val_kappa": 0.3396228885806136
}