{
    "test_mad": 1.5517362637472274,
    "test_mse": 19.518130161763594,
    "test_mape": 40.198190017504054,
    "test_msle": 0.33806651020546225,
    "test_r2": 0.4438715243382173,
    "test_kappa": 0.7749304818844696
}