{
    "test_mad": 1.8106277570273428,
    "test_mse": 22.12383074141396,
    "test_mape": 51.1552397145628,
    "test_msle": 0.409344759427886,
    "test_r2": 0.3696275122642121,
    "test_kappa": 0.738009706926789
}