{
    "test_mad": 1.979614487842491,
    "test_mse": 21.52356776000134,
    "test_mape": 97.03301856547078,
    "test_msle": 0.8878944468624883,
    "test_r2": 0.38673075597057704,
    "test_kappa": 0.6135450275148016,
    "test_acc": 0.9064032435417175,
    "test_prec0": 0.9089424014091492,
    "test_prec1": 0.7230769395828247,
    "test_rec0": 0.9957979917526245,
    "test_rec1": 0.09908643364906311,
    "test_auroc": 0.8592509268756509,
    "test_auprc": 0.4478092419041144,
    "test_f1macro": 0.5623395728613808
}