{
    "train_mad": 1.7441115721728744,
    "train_mse": 24.573626169261992,
    "train_mape": 48.135857666384766,
    "train_msle": 0.43404645395371777,
    "train_r2": 0.3297433130383125,
    "train_kappa": 0.7303637183856121,
    "val_mad": 1.5338200682105287,
    "val_mse": 44.33401518767148,
    "val_mape": 37.77158630595075,
    "val_msle": 0.3173483823597186,
    "val_r2": 0.28120498735208,
    "val_kappa": 0.7717677095064476
}