{
    "train_mad": 2.0229308014145757,
    "train_mse": 13.100770510323823,
    "train_mape": 163.10540630783447,
    "train_msle": 2.0370816907264695,
    "train_r2": 0.6426706022785267,
    "train_kappa": 0.5759715233409533,
    "val_mad": 1.986935705938597,
    "val_mse": 43.79931099347702,
    "val_mape": 122.87530299693155,
    "val_msle": 1.4459637886099848,
    "val_r2": 0.28987423840912807,
    "val_kappa": 0.6389215458109114
}