{
    "train_mad": 1.9838116313574075,
    "train_mse": 28.273368936093576,
    "train_mape": 64.88951381916229,
    "train_msle": 0.651444097287146,
    "train_r2": 0.22883116794314362,
    "train_kappa": 0.6510754113141346,
    "val_mad": 1.6115301746280755,
    "val_mse": 43.88603778987769,
    "val_mape": 50.27511890712275,
    "val_msle": 0.44404529911520574,
    "val_r2": 0.2884681219441103,
    "val_kappa": 0.7403134059250425
}