{
    "test_mad": 2.572629083931832,
    "test_mse": 30.37050870559211,
    "test_mape": 121.80542279223354,
    "test_msle": 1.412977840612919,
    "test_r2": 0.1346555960262269,
    "test_kappa": 0.3478119552951706
}