{
    "test_mad": 2.1431006719805636,
    "test_mse": 22.719665102379853,
    "test_mape": 96.17009227071034,
    "test_msle": 0.8271245184964386,
    "test_r2": 0.35265045287560237,
    "test_kappa": 0.6243694714581014
}