{
    "test_mad": 1.432526259968709,
    "test_mse": 17.908194584521247,
    "test_mape": 36.038900070264,
    "test_msle": 0.30893413700077005,
    "test_r2": 0.48974328618553964,
    "test_kappa": 0.779974691879707
}