{
    "test_mad": 2.6626552805371917,
    "test_mse": 31.878068188062247,
    "test_mape": 124.86866759897357,
    "test_msle": 1.4698546930308325,
    "test_r2": 0.09170082781804989,
    "test_kappa": 0.3087953449463946
}