{
    "train_mad": 2.617244905517872,
    "train_mse": 31.68321560870542,
    "train_mape": 120.81010412458338,
    "train_msle": 1.404383280445687,
    "train_r2": 0.1358260689768811,
    "train_kappa": 0.355156608443017,
    "val_mad": 2.727102165046949,
    "val_mse": 58.36827221186056,
    "val_mape": 132.61290795908783,
    "val_msle": 1.5055177686786165,
    "val_r2": 0.05366516465604376,
    "val_kappa": 0.3066867204588687
}